Unnamed: 0,Pin Name,Resource Name,Connect Relay to Resource,Relay to FPVI_BUS,P2P Relay,Type,Cap1,Cap2,PULL_UP RESISTOR,Prority
1,VBUS,VBUS_FOVI,Default,K15_BUSH_VBUS,,FOVI,"Cap_10nF, DC","Cap_4.7uF, K16_VBUS_Cap, R_1K",,1
2,AMUX,AMUX_FOVI,Default,K40_BUSH_AMUX,,FOVI,,,,1
,,QVM_GP,Default,K40_BUSH_AMUX,,QVM,,,,2
3,PMID,PMID_FOVI,Default,K31_VBUSL_PMID,,FOVI,"10nF, DC","Cap_4.7uF, K32_PMID_Cap, R_1K",,1
4,NTC,NTC_FOVI,Default,K41_BUSH_NTC,,FOVI,,,"K56_NTC_PU, 1K",1
,,QVM_GP,Default,K41_BUSH_NTC,,QVM,,,,3
,,S24_P2,Default,K41_BUSH_NTC,,DCM,,,,2
5,KLV1,KLV12_ACM,Default,K19_BUSH_KLV,K68_KLV1_P2P-AGND,ACM200,,,,1
6,KLV2,KLV12_ACM,K20_KLV_SHARE,K19_BUSH_KLV,,ACM200,,,,1
7,ACDRV1,ACDRV123_ACM,Default,K21_BUSH_ACDRV,K47_ACDRV1_P2P-AGND,ACM200,,,,1
,,QTMU_GP,Default,K21_BUSH_ACDRV,,QTMU,,,,2
8,ACDRV2,ACDRV123_ACM,K23_ACDRV_SHARE2,K21_BUSH_ACDRV,K48_ACDRV2_P2P-AGND,ACM200,,,,1
9,ACDRV3,ACDRV123_ACM,K22_ACDRV_SHARE,K21_BUSH_ACDRV,K49_ACDRV3_P2P-AGND,ACM200,,,,1
11,SW,SW_ACM,Default,K17_BUSH_SW,K18_BST_SW_Cap-BTST,ACM200,,,,1
12,VCC,VCC_ACM,Default,,,ACM200,"10nF, DC","Cap_4.7uF, K25_VCC_Cap, R_1K",,1
13,VDRV,VDRV_AMP_ACM,Default,K26_BUSH_VDRV,,ACM200,"10nF, DC","Cap_4.7uF, K28_VDRV_Cap, R_1K",,1
14,AMP_OUT,VDRV_AMP_ACM,K27_VDRV_AMP,K26_BUSH_VDRV,,,,,,1
15,VBAT,VBAT_ACM,Default,K29_BUSL_VBAT,,ACM200,"10nF, DC","Cap_4.7uF, K30_VBAT_Cap, R_1K",,1
16,VAC1,VAC123_ACM,Default,K34_BUSL_VAC,K50_VAC1_P2P-AGND,ACM200,"10nF, DC","Cap_4.7uF, K37_VAC_Cap, R_1K",,1
17,VAC2,VAC123_ACM,K36_VAC_SHARE2,K34_BUSL_VAC,K51_VAC2_P2P-AGND,ACM200,"10nF, DC","Cap_4.7uF, K37_VAC_Cap, R_1K",,1
18,VAC3,VAC123_ACM,K35_VAC_SHARE,K34_BUSL_VAC,K52_VAC3_P2P-AGND,ACM200,"10nF, DC","Cap_4.7uF, K37_VAC_Cap, R_1K",,1
19,PGND,PGND_ACM,Default,K33_BUSL_PGND,,ACM200,,,,1
,,PGND_ACM,Default,K42_BUSH_PGND,,ACM200,,,,1
20,BST,BTST_ACM,Default,K38_BUSL_BTST,,ACM200,,,,1
21,VBAT_DET,VBATD_ACM,Default,,,ACM200,"10nF, DC","Cap_4.7uF, K66_VBATD_Cap, R_1K",,1
22,SCL,SCL_ACM,K55_SCL,,,ACM200,,,"K53_SCL_PU, 1K",1
,,S24_P0,Default,,,DCM,,,,1
23,SDA,SDA_INT_ACM,"K43_SDA_INT,K44_SDA_INT",,,ACM200,,,"K57_SDA_PU, 1K",1
,,S24_P1,Default,,,DCM,,,,1
24,INT,SDA_INT_ACM,K43_SDA_INT,,,ACM200,,,"K58_INT_PU, 500",1
,,S24_P3,Default,,,DCM,,,,3
,,SCL_ACM,K46_Short,,,ACM200,,,,2
,,QTMU_GP,Default,K7_QTMUA_BUS,,ACM200,,,,4
25,AGND,,Default,,K1_PGND2AGND-PGND,ACM200/FOVI/QVM_GP,,,,1
26,FPVI_BUS,FPVI,Default,Default,,FPVI,,,,1
,FPVI_PC,FPVI,"K9_KELVIN,K10_KELVIN,K11_KELVIN,K12_SHARE,K13_PC",,,FPVI,,,,1
,Special Circuit,VBUS_BUCK_LP,"K54_Qpoint,K62_AMP3_Power,K63_AMP4_Power,K39_SVLP_VBUS",,,FPVI,,,,1
,,VBUS_BOOST_LP,"K54_Qpoint,K61_AMP2_Power,K65_SVLP_VBUS",,,FPVI,,,,1
,,VBAT_SERVE_LP,"K54_Qpoint,K67_AMP2_Power,K24_SVLP_VBAT",,,FPVI,,,,1
